Angry Mob,The Dark (DRK),$1.99
Blood of the Martyr,The Dark (DRK),$1.63
Brainwash,The Dark (DRK),$0.23
Cleansing,The Dark (DRK),$21.33
Dust to Dust,The Dark (DRK),$6.50
Exorcist,The Dark (DRK),$44.90
Fasting,The Dark (DRK),$1.08
Festival,The Dark (DRK),$0.72
Fire and Brimstone,The Dark (DRK),$2.27
Holy Light,The Dark (DRK),$0.45
Knights of Thorn,The Dark (DRK),$15.61
Martyr's Cry,The Dark (DRK),$22.81
Miracle Worker,The Dark (DRK),$0.39
Morale,The Dark (DRK),$0.22
Pikemen,The Dark (DRK),$0.24
Preacher,The Dark (DRK),$87.76
Squire,The Dark (DRK),$0.24
Tivadar's Crusade,The Dark (DRK),$2.23
Witch Hunter,The Dark (DRK),$13.50
Amnesia,The Dark (DRK),$3.24
Apprentice Wizard,The Dark (DRK),$10.10
Dance of Many,The Dark (DRK),$13.80
Deep Water,The Dark (DRK),$0.24
Drowned,The Dark (DRK),$0.34
Electric Eel,The Dark (DRK),$1.46
Erosion,The Dark (DRK),$0.23
Flood,The Dark (DRK),$1.76
Ghost Ship,The Dark (DRK),$0.26
Giant Shark,The Dark (DRK),$0.52
Leviathan,The Dark (DRK),$13.74
Mana Vortex,The Dark (DRK),$48.73
Merfolk Assassin,The Dark (DRK),$2.41
Mind Bomb,The Dark (DRK),$8.48
Psychic Allergy,The Dark (DRK),$15.11
Riptide,The Dark (DRK),$0.27
Sunken City,The Dark (DRK),$0.22
Tangle Kelp,The Dark (DRK),$0.95
Water Wurm,The Dark (DRK),$0.26
Ashes to Ashes,The Dark (DRK),$0.62
Banshee,The Dark (DRK),$1.92
Bog Imp,The Dark (DRK),$0.29
Bog Rats,The Dark (DRK),$0.24
Curse Artifact,The Dark (DRK),$1.11
Eater of the Dead,The Dark (DRK),$51.65
Frankenstein's Monster,The Dark (DRK),$32.66
Grave Robbers,The Dark (DRK),$12.18
Inquisition,The Dark (DRK),$0.25
Marsh Gas,The Dark (DRK),$0.24
Murk Dwellers,The Dark (DRK),$0.26
Nameless Race,The Dark (DRK),$18.26
Rag Man,The Dark (DRK),$9.27
Season of the Witch,The Dark (DRK),$46.80
The Fallen,The Dark (DRK),$2.18
Uncle Istvan,The Dark (DRK),$4.09
Word of Binding,The Dark (DRK),$0.25
Worms of the Earth,The Dark (DRK),$14.87
Ball Lightning,The Dark (DRK),$60.38
Blood Moon,The Dark (DRK),$109.93
Brothers of Fire,The Dark (DRK),$1.02
Cave People,The Dark (DRK),$1.00
Eternal Flame,The Dark (DRK),$11.54
Fire Drake,The Dark (DRK),$1.84
Fissure,The Dark (DRK),$0.28
Goblin Caves,The Dark (DRK),$0.50
Goblin Digging Team,The Dark (DRK),$0.22
Goblin Hero,The Dark (DRK),$0.24
Goblin Rock Sled,The Dark (DRK),$0.22
Goblin Shrine,The Dark (DRK),$0.17
Goblin Wizard,The Dark (DRK),$123.73
Goblins of the Flarg,The Dark (DRK),$0.30
Inferno,The Dark (DRK),$8.65
Mana Clash,The Dark (DRK),$6.37
Orc General,The Dark (DRK),$3.06
Sisters of the Flame,The Dark (DRK),$1.53
Carnivorous Plant,The Dark (DRK),$0.25
Elves of Deep Shadow,The Dark (DRK),$18.91
Gaea's Touch,The Dark (DRK),$6.75
Hidden Path,The Dark (DRK),$25.47
Land Leeches,The Dark (DRK),$0.25
Lurker,The Dark (DRK),$10.65
Marsh Viper,The Dark (DRK),$0.29
Niall Silvain,The Dark (DRK),$10.94
People of the Woods,The Dark (DRK),$2.05
Savaen Elves,The Dark (DRK),$0.41
Scarwood Bandits,The Dark (DRK),$11.19
Scarwood Hag,The Dark (DRK),$1.26
Scavenger Folk,The Dark (DRK),$0.25
Spitting Slug,The Dark (DRK),$1.41
Tracker,The Dark (DRK),$16.04
Venom,The Dark (DRK),$0.28
Whippoorwill,The Dark (DRK),$1.68
Wormwood Treefolk,The Dark (DRK),$9.83
Marsh Goblins,The Dark (DRK),$0.31
Scarwood Goblins,The Dark (DRK),$0.24
Dark Heart of the Wood,The Dark (DRK),$0.26
Barl's Cage,The Dark (DRK),$5.03
Bone Flute,The Dark (DRK),$0.69
Book of Rass,The Dark (DRK),$1.93
Coal Golem,The Dark (DRK),$1.12
Dark Sphere,The Dark (DRK),$16.93
Diabolic Machine,The Dark (DRK),$1.11
Fellwar Stone,The Dark (DRK),$23.39
Fountain of Youth,The Dark (DRK),$3.92
Living Armor,The Dark (DRK),$1.08
Necropolis,The Dark (DRK),$2.78
Reflecting Mirror,The Dark (DRK),$1.40
Runesword,The Dark (DRK),$1.78
Scarecrow,The Dark (DRK),$2.90
Skull of Orm,The Dark (DRK),$3.63
Standing Stones,The Dark (DRK),$1.27
Stone Calendar,The Dark (DRK),$30.13
Tormod's Crypt,The Dark (DRK),$11.51
Tower of Coireall,The Dark (DRK),$1.07
Wand of Ith,The Dark (DRK),$1.51
War Barge,The Dark (DRK),$1.57
City of Shadows,The Dark (DRK),$175.63
Maze of Ith,The Dark (DRK),$48.43
Safe Haven,The Dark (DRK),$12.43
Sorrow's Path,The Dark (DRK),$18.15
